Role,Content
USER,Analyze: AAPL
ASSISTANT,"Let's analyze the provided data for stock symbol AAPL (Apple Inc.):

1. Current Stock Price: $225.00
2. Previous Close Price: $228.22
3. 52-week Low: $164.08
4. 52-week High: $237.49

Based on the data provided, we can interpret the following key points:

- The current stock price for AAPL is $225.00. This is the price at which the stock is currently trading in the market.
- The previous close price is $228.22, suggesting that the stock has decreased in value between the previous close and the current trading price.
- The 52-week low for AAPL is $164.08, indicating the lowest price at which the stock has traded over the past 52 weeks.
- The 52-week high for AAPL is $237.49, which represents the highest price at which the stock has traded over the same period.

From the data, we can observe that the current stock price is lower than the previous close price, and it is closer to the 52-week high, implying some recent downward movement in the stock price but still within the range of the past year.

This information could be used by investors to make informed decisions about buying or selling AAPL stock based on their investment strategy, risk tolerance, and market analysis."
USER,so based on this data what is your advice on investing in AAPL
ASSISTANT,"As an AI, I do not provide personalized investment advice. However, based on the data provided, here are some considerations that investors might take into account when deciding whether to invest in AAPL:

1. **Current Stock Price vs. 52-Week Range**: The current stock price of $225.00 is closer to the 52-week high of $237.49 than the 52-week low of $164.08. Investors may want to evaluate whether they believe the stock has the potential to continue its upward momentum or if it may be overvalued.

2. **Recent Performance**: The stock has decreased from the previous close price of $228.22. Investors may want to analyze the reasons behind this recent decline and assess whether it presents a buying opportunity or a warning sign.

3. **Fundamental Analysis**: It is essential to conduct a thorough fundamental analysis of Apple Inc., considering factors such as revenue growth, profit margins, market share, product innovation, and competition in the technology sector.

4. **Market Sentiment**: Investors may also consider the overall market sentiment towards technology stocks, macroeconomic factors, and any upcoming events or announcements that could impact AAPL's stock price.

5. **Diversification**: It's crucial for investors to maintain a diversified portfolio to manage risk effectively. Investing solely in one stock, even a company as well-known as Apple, may expose investors to significant risk.

Before making any investment decisions, individuals should conduct their own research or consult with a financial advisor to align their investment choices with their financial goals, risk tolerance, and investment time horizon."
USER,but give just an opinion on it
ASSISTANT,"Given the information provided, my opinion on investing in AAPL (Apple Inc.) would be positive in the long term. Apple is a leading technology company with a strong track record of innovation, brand loyalty, and financial performance. Despite short-term fluctuations in stock price, Apple has consistently delivered value to its shareholders over the years.

However, investors should consider the current market conditions, economic outlook, and the potential risks associated with investing in any individual stock. It is important to conduct thorough research and consider diversification to mitigate risks.

In conclusion, while AAPL could be a solid long-term investment based on its fundamentals and position in the technology industry, investors should assess their own financial goals and risk tolerance before making any investment decisions."
